Approved Vendor Company Name,Project ID,Project Size AC kW,Project Size DC kW,Address,Group,Sub-Program,Application Status,ICC Approval Date,Part II Application Verification/Energization Date,Date of System Energization,REC Contract Buyer,REC Tracking System,REC Tracking Unit ID,Total Quantity of RECs Contracted,REC Price,REC Delivery Contract Value,Subject to Prevailing Wage Requirement ,Record Type,Capacity Factor,Installation Type,Census Tract
Xolar Renewable Energy,P-5554 - PY5,10,11.7,,B,1-4 Distributed Generation,Part II Approved,2023-08-16,2023-12-11,2023-07-27,ComEd,PJM-GATS,NON442667,168,175.23,29438.64,,Purchase,0.128088,Roof Mount,17031190200
Xolar Renewable Energy,P-5652 - PY5,6,5.46,,B,1-4 Distributed Generation,Part II Approved,2023-08-03,2023-11-21,2023-04-18,ComEd,PJM-GATS,NON442668,98,175.23,17172.54,,Purchase,0.124791,Roof Mount,17031816402
Xolar Renewable Energy,P-5674 - PY5,7.6,10.92,,B,1-4 Distributed Generation,Part II Approved,2023-06-01,2023-10-03,2023-06-07,ComEd,PJM-GATS,NON441900,151,175.23,26459.73,,Lease,0.152087,Roof Mount,17031816300
Xolar Renewable Energy,P-5730 - PY5,6,8.88,,B,1-4 Distributed Generation,Part II Approved,2023-03-08,2024-01-18,2023-12-13,ComEd,PJM-GATS,NON466902,133,175.23,23583.56,,Purchase,0.12753,Roof Mount,17089854200
Xolar Renewable Energy,P-5911 - PY5,6,8.58,,B,1-4 Distributed Generation,Part II Approved,2023-05-04,2023-11-22,2023-06-01,ComEd,PJM-GATS,NON439492,125,175.23,21903.75,,Lease,0.159443,Roof Mount,17031816402
Xolar Renewable Energy,P-6008 - PY5,7.6,9.36,,B,1-4 Distributed Generation,Part II Approved,2023-06-15,2023-10-25,2023-04-03,ComEd,PJM-GATS,NON442666,128,175.23,22429.44,,Purchase,0.129009,Roof Mount,17031811200
"Renewable Energy Evolution, LLC",P-6406 - PY5,200,258,108 W. Church Street Collinsville IL 62234,A,Nonprofit/Public,Part II Approved,2023-02-23,2023-11-30,2023-11-16,Ameren,PJM-GATS,NON462654,4278,107.44,491199.96,,PPA,0.1628,Car Port,17119403300
Central Road Energy LLC,P-6418 - PY5,100,116.24,601 N 4th St Pekin IL 61554,A,Nonprofit/Public,Part II Approved,2023-02-23,2023-10-24,2023-09-08,ComEd,PJM-GATS,NON453880,1984,107.1,226592.64,,PPA,0.1531,Roof Mount,17179020800
Central Road Energy LLC,P-6420 - PY5,43.2,52.65,121 E Washington St Belleville IL 62220,A,Nonprofit/Public,Part II Approved,2023-03-08,2024-01-12,2023-11-01,ComEd,PJM-GATS,NON464958,1034,104.21,107753.14,,PPA,0.19802,Roof Mount,17163501700
Central Road Energy LLC,P-6429 - PY5,50,67.5,1261 Gary Ave Centralia IL 62801,A,Nonprofit/Public,Part II Approved,2023-02-23,2023-11-27,2023-09-19,ComEd,PJM-GATS,NON453890,1327,107.1,151556.67,,PPA,0.2124,Ground,17121952700
Wood River Library,P-6432 - PY5,50,58.2,326 E Ferguson Ave Wood River IL 62095,A,Nonprofit/Public,Part II Approved,2023-02-23,2023-10-24,2023-08-25,ComEd,PJM-GATS,NON446052,1118,107.1,127686.78,,PPA,0.1707,Roof Mount,17119401102
"Renewable Energy Evolution, LLC",P-6503 - PY5,350,438.48,2021 Lincoln Trail Taylorville IL 62568,A,Nonprofit/Public,Part II Approved,2023-02-23,2023-04-25,2023-03-20,Ameren,PJM-GATS,NON414100,8705,100.28,941445.75,,PPA,0.1893,Ground,17021958500
Central Road Energy LLC,P-6664 - PY5,227.3,270.19,3940 Midlothian Turnpike Crestwood IL 60418,B,Nonprofit/Public,Part II Approved,2023-02-23,2023-10-06,2023-08-18,ComEd,PJM-GATS,NON446172,5131,98.93,585087.93,,PPA,0.17276,Roof Mount,17031824400
Central Road Energy LLC,P-6665 - PY5,766.6,946.15,12700 Sacremento Ave Blue Island IL 60406,B,Nonprofit/Public,Part II Approved,2023-02-23,2024-01-12,2023-11-29,IPA,PJM-GATS,NON467713,17998,93.22,1938564.58,,PPA,0.1827,Roof Mount,17031823400
Xolar Renewable Energy,P-7015 - PY5,10,14.82,,B,1-4 Distributed Generation,Part II Approved,2023-03-08,2023-10-03,2023-06-08,ComEd,PJM-GATS,NON439494,211,175.23,36973.53,,Lease,0.167355,Roof Mount,17031803100
Central Road Energy LLC,P-7247 - PY5,75,103.5,920 S 42nd St Mt. Vernon IL 62864,A,Nonprofit/Public,Part II Approved,2023-03-08,2023-11-20,2023-09-20,ComEd,PJM-GATS,NON453882,1830,107.1,209004.3,,PPA,0.1857,Roof Mount,17081050500
Central Road Energy LLC,P-7248 - PY5,100,118.08,129 N Douglas St Centralia IL 62801,A,Nonprofit/Public,Part II Approved,2023-03-08,2023-10-24,2023-09-20,ComEd,PJM-GATS,NON453884,2055,107.1,234701.55,,PPA,0.1636,Roof Mount,17121952700
Central Road Energy LLC,P-7249 - PY5,116.4,164.7,3401 Fosterburg Rd B Alton IL 62002,A,Nonprofit/Public,Part II Approved,2023-03-08,2024-01-10,2023-10-19,ComEd,PJM-GATS,NON464951,3317,104.82,380857.94,,PPA,0.2256,Ground,17119401701
Xolar Renewable Energy,P-7880 - PY5,10,10.76,,B,1-4 Distributed Generation,Part II Approved,2023-06-01,2023-08-23,2023-07-15,ComEd,PJM-GATS,NON439495,143,175.23,26487.89,,Purchase,0.109259,Roof Mount,17093890501
Xolar Renewable Energy,P-7929 - PY5,10,13.04,,B,1-4 Distributed Generation,Part II Approved,2023-06-29,2023-12-18,2023-10-31,ComEd,PJM-GATS,NON461325,223,175.23,41306.29,,Lease,0.172205,Combination,17089854509
"Renewable Energy Evolution, LLC",P-2722 - PY4,175,207.36,1325 East Ash Street Canton IL 61520,A,Nonprofit/Public,Part II Approved,2022-04-07,2023-04-25,2023-03-22,Ameren,PJM-GATS,"NON414138, NON414276",4072,90.4,418723.76,,PPA,0.1834,Roof Mount,17057953600
Sunrun Installation Services Inc.,P-2738 - PY4,5.28,6.82,,B,1-4 Distributed Generation,Part II Approved,2021-09-30,2022-01-31,2021-05-25,ComEd,PJM-GATS,NON334994,99,143.09,14165.91,,,0.144084,Roof Mount,17031805111
Sunrun Installation Services Inc.,P-3150 - PY4,7.92,10.07,,B,1-4 Distributed Generation,Part II Approved,2021-09-30,2022-02-03,2021-02-19,ComEd,PJM-GATS,NON326012,137,143.09,19603.33,,Lease,0.132552,Roof Mount,17197880109
Sunrun Installation Services Inc.,P-3152 - PY4,7.44,9.61,,B,1-4 Distributed Generation,Part II Approved,2021-09-30,2022-07-11,2021-06-11,ComEd,PJM-GATS,NON338032,141,143.09,20175.69,,Lease,0.144571,Roof Mount,17031821402
Sunrun Installation Services Inc.,P-3155 - PY4,2.64,3.36,,B,1-4 Distributed Generation,Part II Approved,2021-09-15,2021-11-18,2021-06-10,ComEd,PJM-GATS,NON338037,50,143.09,7154.5,,Lease,0.1465,Roof Mount,17031252201
Sunrun Installation Services Inc.,P-3157 - PY4,2.88,3.66,,B,1-4 Distributed Generation,Part II Approved,2021-11-18,2022-01-28,2021-06-11,ComEd,PJM-GATS,NON338036,67,143.09,9587.03,,Lease,0.179675,Roof Mount,17031460500
Sunrun Installation Services Inc.,P-3183 - PY4,5.28,6.71,,B,1-4 Distributed Generation,Part II Approved,2021-09-30,2022-02-25,2021-04-19,ComEd,PJM-GATS,NON331181,97,143.09,13879.73,,,0.141161,Roof Mount,17031491100
Xolar Renewable Energy,P-3214 - PY4,22.8,25.68,1233 DOUGLAS ST AURORA IL 60538,B,Nonprofit/Public,Part II Approved,2021-09-30,2023-03-17,2023-02-06,ComEd,PJM-GATS,NON405987,348,127.55,49854.48,,Lease,0.126,Roof Mount,17089854002
Sunrun Installation Services Inc.,P-3217 - PY4,3.84,4.96,,B,1-4 Distributed Generation,Part II Approved,2021-09-30,2022-01-24,2021-12-17,ComEd,PJM-GATS,NON338039,81,143.09,11590.29,,Lease,0.162345,Roof Mount,17031822500
Sunrun Installation Services Inc.,P-3221 - PY4,9.57,11.88,,B,1-4 Distributed Generation,Part II Approved,2021-12-16,2022-03-15,2021-06-29,ComEd,PJM-GATS,NON340514,166,143.09,23752.94,,Lease,0.132357,Roof Mount,17043841801
Sunrun Installation Services Inc.,P-3222 - PY4,3.77,4.68,,B,1-4 Distributed Generation,Part II Approved,2021-11-18,2022-01-20,2021-06-15,ComEd,PJM-GATS,NON338041,62,143.09,8871.58,,Lease,0.126995,Roof Mount,17043845809
Central Road Energy LLC,P-3228 - PY4,214.4,234,550 E Madison Ave Wood River IL 62095,A,Nonprofit/Public,Part II Approved,2022-02-03,2023-08-25,2023-03-08,Ameren,PJM-GATS,NON427746,4022,84.41,384543.42,,Purchase,0.142776,Roof Mount,17119401200
Sunrun Installation Services Inc.,P-3230 - PY4,4.64,5.76,,B,1-4 Distributed Generation,Part II Approved,2021-12-16,2022-04-25,2021-08-11,ComEd,PJM-GATS,NON343712,72,143.09,10302.48,,Lease,0.119339,Roof Mount,17201003400
Sunrun Installation Services Inc.,P-3232 - PY4,5.22,6.48,,B,1-4 Distributed Generation,Part II Approved,2021-09-15,2021-11-19,2021-08-17,ComEd,PJM-GATS,NON343449,84,143.09,12019.56,,Lease,0.1226,Roof Mount,17201002400
PSG Energy Group,P-3235 - PY4,250,255.56,8015 W 111th St Palos Hills IL 60487,B,Nonprofit/Public,Part II Approved,2021-09-15,2022-02-09,2021-08-05,IPA,PJM-GATS,NON347509,4395,84.41,370981.95,,Purchase,0.1338,Roof Mount,17031823805
Sunrun Installation Services Inc.,P-3237 - PY4,7.83,9.72,,B,1-4 Distributed Generation,Part II Approved,2021-12-16,2022-03-15,2021-07-06,ComEd,PJM-GATS,NON340509,179,143.09,25613.11,,Lease,0.174694,Roof Mount,17031460500
Sunrun Installation Services Inc.,P-3238 - PY4,7.25,9,,B,1-4 Distributed Generation,Part II Approved,2021-12-16,2022-07-11,2021-07-23,ComEd,PJM-GATS,NON340512,140,143.09,20032.6,,Lease,0.147873,Roof Mount,17111871114
"Renewable Energy Evolution, LLC",P-3242 - PY4,10,13.33,8918 S Green Street Chicago IL 60620,B,Nonprofit/Public,Part II Approved,2021-09-15,2022-03-30,2021-11-12,Ameren,PJM-GATS,NON351772,222,143.09,34758.54,,PPA,0.168986,Roof Mount,17031711400
Sunrun Installation Services Inc.,P-3245 - PY4,5.51,6.84,,B,1-4 Distributed Generation,Part II Approved,2021-09-30,2022-01-31,2021-09-16,ComEd,PJM-GATS,NON345566,91,143.09,13021.19,,Lease,0.126005,Roof Mount,17031815200
Central Road Energy LLC,P-3358 - PY4,72,72.45,200 N. Central Avenue Roxana IL 62084,A,Nonprofit/Public,Part II Approved,2021-09-15,2023-10-24,2023-01-25,Ameren,PJM-GATS,NON422461,1489,103.28,167183.7,,Lease,0.186339,Roof Mount,17119401000
Central Road Energy LLC,P-3360 - PY4,30.4,32.4,1400 Doris Avenue Cahokia IL 62206,A,Nonprofit/Public,Part II Approved,2021-09-15,2023-04-25,2022-08-12,Ameren,PJM-GATS,NON408228,595,103.28,69600.59,,Lease,0.149147,Roof Mount,17163502602
Central Road Energy LLC,P-3369 - PY4,50,64.68,540 N 6th St East St Louis IL 62201,A,Nonprofit/Public,Part II Approved,2021-09-15,2022-05-27,2022-02-10,Ameren,PJM-GATS,NON363600,1195,103.28,141691.15,,PPA,0.1828,Roof Mount,17163504502
Central Road Energy LLC,P-3370 - PY4,66.6,86.4,319 E 2nd St Centralia IL 62801,A,Nonprofit/Public,Part II Approved,2021-09-15,2022-08-31,2022-04-06,Ameren,PJM-GATS,NON374866,1381,118.57,163745.17,,PPA,0.1668,Roof Mount,17121952600
"Windfree, Wind + Solar Energy Design Company",P-3374 - PY4,51.9,74.7,421 S Rockton Ave Rockford Illinois 61102,B,Nonprofit/Public,Part II Approved,2022-04-07,2023-12-18,2023-10-04,ComEd,PJM-GATS,NON455346,1326,103.28,157449.6,,PPA,0.201,Roof Mount,17201002600
PSG Energy Group,P-3375 - PY4,150,189.9,1201 W. New York St Aurora IL 60506,B,Nonprofit/Public,Part II Approved,2021-09-15,2023-10-02,2023-04-12,Ameren,PJM-GATS,NON448086,3157,90.4,285392.8,,PPA,0.16793,Roof Mount,17089853100
Sunrun Installation Services Inc.,P-3376 - PY4,5.22,6.48,,B,1-4 Distributed Generation,Part II Approved,2021-11-18,2022-02-25,2021-09-02,ComEd,PJM-GATS,NON345561,81,143.09,11590.29,,Lease,0.119131,Roof Mount,17097864513
Sunrun Installation Services Inc.,P-3379 - PY4,4.64,5.76,,B,1-4 Distributed Generation,Part II Approved,2021-11-18,2022-02-03,2021-09-10,ComEd,PJM-GATS,NON345564,83,143.09,11876.47,,Lease,0.137134,Roof Mount,17031824601
"Windfree, Wind + Solar Energy Design Company",P-3380 - PY4,19.72,27.2,6701 W. 107th St. Worth IL 60482,B,Nonprofit/Public,Part II Approved,2021-09-15,2022-05-09,2022-01-20,Ameren,PJM-GATS,NON357890,450,127.55,64467,,PPA,0.1738,Roof Mount,17031823102
Sunrun Installation Services Inc.,P-3381 - PY4,6.67,8.4,,B,1-4 Distributed Generation,Part II Approved,2021-11-18,2022-07-11,2021-12-20,ComEd,PJM-GATS,NON355779,120,143.09,17170.8,,Lease,0.137015,Roof Mount,17043841312
Sunrun Installation Services Inc.,P-3385 - PY4,5.22,6.48,,B,1-4 Distributed Generation,Part II Approved,2021-12-16,2022-08-01,2022-01-20,ComEd,PJM-GATS,NON358903,97,143.09,13879.73,,Lease,0.141538,Roof Mount,17031821002
Central Road Energy LLC,P-3396 - PY4,83,88.88,1101 S Locust St Centralia IL 62801,A,Nonprofit/Public,Part II Approved,2021-09-15,2022-05-27,2022-03-14,IPA,PJM-GATS,NON368972,1724,118.57,204414.68,,PPA,0.1582,Roof Mount,17121952500
Central Road Energy LLC,P-3397 - PY4,100,126.72,909 E Rexford St Centralia IL 62801,A,Nonprofit/Public,Part II Approved,2021-09-15,2022-08-19,2022-05-10,Ameren,PJM-GATS,NON374533,2277,103.28,269983.89,,PPA,0.173294,Roof Mount,17121952700
"Windfree, Wind + Solar Energy Design Company",P-3411 - PY4,22.8,27.47,,B,5+ Distributed Generation,Part II Approved,2021-09-15,2023-05-25,2022-12-30,ComEd,PJM-GATS,NON405864,517,127.55,51564.35,,PPA,0.15992,Roof Mount,17031837400
"Renewable Energy Evolution, LLC",P-3430 - PY4,25,89.64,70 Golfview Drive Melrose Park IL 60164,B,Nonprofit/Public,Part II Approved,2022-04-07,2023-02-27,2023-02-06,ComEd,PJM-GATS,NON403483,552,127.55,79079.52,,PPA,0.1773,Roof Mount,17031811800
"Renewable Energy Evolution, LLC",P-3433 - PY4,12,16.58,4459 S. Marshfield Chicago IL 60609,B,Nonprofit/Public,Part II Approved,2021-09-15,2023-02-27,2023-02-07,Ameren,PJM-GATS,NON403188,279,127.55,39969.54,,Purchase,0.177275,Roof Mount,17031610300
Sunrun Installation Services Inc.,P-3437 - PY4,4.93,6.12,,B,1-4 Distributed Generation,Part II Approved,2021-09-30,2022-01-31,2021-09-02,ComEd,PJM-GATS,NON345562,81,143.09,11590.29,,Lease,0.12549,Roof Mount,17031820000
Sunrun Installation Services Inc.,P-3439 - PY4,3.19,3.96,,B,1-4 Distributed Generation,Part II Approved,2021-11-18,2022-02-03,2021-10-26,ComEd,PJM-GATS,NON348287,67,143.09,9587.03,,Lease,0.161178,Roof Mount,17031530503
Sunrun Installation Services Inc.,P-3445 - PY4,5.22,6.48,,B,1-4 Distributed Generation,Part II Approved,2022-02-03,2022-11-12,2022-01-19,ComEd,PJM-GATS,NON358916,101,143.09,14452.09,,Lease,0.147472,Roof Mount,17031821002
GRNE Solutions LLC,P-3451 - PY4,7.6,6.29,,A,1-4 Distributed Generation,Part II Approved,2022-02-17,2022-07-19,2022-03-02,Ameren,PJM-GATS,NON333654,127,143.09,18172.43,,Purchase,0.128125,Roof Mount,17113000302
GRNE Solutions LLC,P-3465 - PY4,5,4.44,,B,1-4 Distributed Generation,Part II Approved,2022-06-09,2023-05-31,2022-09-26,ComEd,PJM-GATS,NON341898,75,143.09,10731.75,,PPA,0.13425,Roof Mount,17031840300
Sunrun Installation Services Inc.,P-3489 - PY4,7.92,11.88,,B,1-4 Distributed Generation,Part II Approved,2021-11-18,2022-02-25,2021-11-01,ComEd,PJM-GATS,NON353090,189,143.09,27044.01,,Lease,0.182021,Roof Mount,17201003606
"Renewable Energy Evolution, LLC",P-3497 - PY4,348,361.8,,B,5+ Distributed Generation,Part II Approved,2022-01-20,2023-04-25,2023-03-24,ComEd,PJM-GATS,NON414278,8020,84.41,478379.66,,Purchase,0.1754,Combination,17105960500
GRNE Solutions LLC,P-3500 - PY4,7.6,8,,B,1-4 Distributed Generation,Part II Approved,2022-02-17,2022-07-19,2020-05-08,Ameren,PJM-GATS,NON341088,187,143.09,24611.48,,Purchase,0.188037,Ground,17097860105
Sunrun Installation Services Inc.,P-3501 - PY4,4.56,6.84,,B,1-4 Distributed Generation,Part II Approved,2021-11-18,2022-07-12,2021-12-09,ComEd,PJM-GATS,NON355783,94,143.09,13450.46,,Lease,0.157744,Roof Mount,17031826402
Sunrun Installation Services Inc.,P-3504 - PY4,6.72,10.08,,B,1-4 Distributed Generation,Part II Approved,2022-01-20,2022-11-12,2021-12-08,ComEd,PJM-GATS,NON355786,163,143.09,23323.67,,Lease,0.185308,Roof Mount,17031823605
Sunrun Installation Services Inc.,P-3505 - PY4,13.2,19.8,,B,1-4 Distributed Generation,Part II Approved,2022-01-20,2022-08-01,2021-11-12,ComEd,PJM-GATS,NON353093,310,127.55,39540.5,,Lease,0.179073,Roof Mount,17043841323
GRNE Solutions LLC,P-3511 - PY4,7.6,8.14,,B,1-4 Distributed Generation,Part II Approved,2022-04-27,2023-03-24,2022-09-26,ComEd,PJM-GATS,NON346312,136,143.09,19460.24,,PPA,0.136436,Roof Mount,17043844901
GRNE Solutions LLC,P-3593 - PY4,7.6,8.88,,B,1-4 Distributed Generation,Part II Approved,2022-02-17,2022-07-19,2022-04-26,Ameren,PJM-GATS,NON346310,144,143.09,20604.96,,PPA,0.144704,Roof Mount,17111870811
Sunrun Installation Services Inc.,P-3613 - PY4,5.22,6.57,,B,1-4 Distributed Generation,Part II Approved,2022-01-05,2022-11-12,2021-12-18,ComEd,PJM-GATS,NON355781,87,143.09,12448.83,,Lease,0.12724,Roof Mount,17031813900
GRNE Solutions LLC,P-3644 - PY4,7.6,8.14,,A,1-4 Distributed Generation,Part II Approved,2022-02-17,2022-07-19,2022-06-03,Ameren,PJM-GATS,NON349900,147,143.09,21034.23,,PPA,0.147591,Roof Mount,17019000700
GRNE Solutions LLC,P-3702 - PY4,11.4,11.52,,B,1-4 Distributed Generation,Part II Approved,2022-05-12,2022-10-03,2022-08-09,ComEd,PJM-GATS,NON273511,178,127.55,22703.9,,PPA,0.124155,Roof Mount,17031301200
Sunrun Installation Services Inc.,P-3705 - PY4,6.96,8.64,,B,1-4 Distributed Generation,Part II Approved,2022-01-20,2022-11-12,2021-12-21,ComEd,PJM-GATS,NON355785,159,143.09,22751.31,,Lease,0.17472,Roof Mount,17031829800
GRNE Solutions LLC,P-3706 - PY4,10,12.58,,B,1-4 Distributed Generation,Part II Approved,2022-02-17,2022-07-19,2022-05-04,Ameren,PJM-GATS,NON348294,223,143.09,31909.07,,PPA,0.170265,Roof Mount,17031825501
GRNE Solutions LLC,P-3707 - PY4,6,5.18,,A,1-4 Distributed Generation,Part II Approved,2022-02-17,2022-07-19,2022-05-20,Ameren,PJM-GATS,NON348243,89,143.09,12735.01,,PPA,0.11351,Roof Mount,17161023100
Sunrun Installation Services Inc.,P-3713 - PY4,4.8,7.1,,B,1-4 Distributed Generation,Part II Approved,2022-02-03,2022-07-19,2022-01-20,ComEd,PJM-GATS,NON358907,108,143.09,15453.72,,Lease,0.1724,Roof Mount,17031811200
Sunrun Installation Services Inc.,P-3719 - PY4,10.44,13.15,,B,1-4 Distributed Generation,Part II Approved,2022-01-13,2022-07-19,2022-01-03,ComEd,PJM-GATS,NON358900,207,127.55,26402.85,,Lease,0.151231,Roof Mount,17201003705
Sunrun Installation Services Inc.,P-3729 - PY4,6.67,8.4,,B,1-4 Distributed Generation,Part II Approved,2022-02-03,2022-10-25,2022-01-31,ComEd,PJM-GATS,NON361447,97,143.09,13879.73,,Lease,0.111502,Roof Mount,17031804803
GRNE Solutions LLC,P-3746 - PY4,6,7.4,,B,1-4 Distributed Generation,Part II Approved,2022-04-27,2022-07-19,2022-06-16,ComEd,PJM-GATS,NON351135,153,143.09,21892.77,,PPA,0.194353,Roof Mount,17097864204
GRNE Solutions LLC,P-3747 - PY4,7.6,8,,B,1-4 Distributed Generation,Part II Approved,2022-05-12,2023-03-02,2022-09-19,ComEd,PJM-GATS,NON351040,173,143.09,24754.57,,PPA,0.173628,Ground,17015960100
GRNE Solutions LLC,P-3768 - PY4,5,5.55,,B,1-4 Distributed Generation,Part II Approved,2022-02-17,2022-10-24,2022-05-30,Ameren,PJM-GATS,NON352023,96,143.09,13736.64,,PPA,0.146751,Roof Mount,17043841204
Sunrun Installation Services Inc.,P-3772 - PY4,9.84,14.56,,B,1-4 Distributed Generation,Part II Approved,2022-02-17,2022-10-25,2022-09-21,ComEd,PJM-GATS,NON358908,237,143.09,33912.33,,Lease,0.183475,Roof Mount,17201002400
GRNE Solutions LLC,P-3855 - PY4,5,5.18,,B,1-4 Distributed Generation,Part II Approved,2022-04-27,2023-11-06,2022-07-27,ComEd,PJM-GATS,NON354633,105,143.09,15024.45,,PPA,0.160139,Roof Mount,17043841108
GRNE Solutions LLC,P-3863 - PY4,5,5.76,,B,1-4 Distributed Generation,Part II Approved,2022-04-27,2023-11-06,2022-09-08,ComEd,PJM-GATS,NON355008,97,143.09,13450.46,,PPA,0.144448,Roof Mount,17089851913
GRNE Solutions LLC,P-3864 - PY4,6,6.29,,B,1-4 Distributed Generation,Part II Approved,2022-04-27,2023-04-24,2022-10-14,ComEd,PJM-GATS,NON357068,122,143.09,17456.98,,PPA,0.155805,Roof Mount,17197880421
GRNE Solutions LLC,P-4010 - PY4,7.58,9.92,,B,1-4 Distributed Generation,Part II Approved,2022-05-12,2022-09-30,2022-07-13,ComEd,PJM-GATS,NON341408,148,143.09,21177.32,,PPA,0.16388,Roof Mount,17201003601
GRNE Solutions LLC,P-4361 - PY4,7.6,8.64,,B,1-4 Distributed Generation,Part II Approved,2022-06-09,2023-04-24,2022-08-30,ComEd,PJM-GATS,NON363130,167,143.09,23896.03,,PPA,0.173105,Roof Mount,17043841322
GRNE Solutions LLC,P-4372 - PY4,6,7.4,,B,1-4 Distributed Generation,Part II Approved,2022-06-09,2023-02-27,2022-10-12,ComEd,PJM-GATS,NON363550,143,143.09,20461.87,,PPA,0.1832,Roof Mount,17197880322
Central Road Energy LLC,P-4375 - PY4,100,110.88,2605 School Street Rockford IL 61101,B,Nonprofit/Public,Part II Approved,2022-04-27,2023-08-28,2023-06-21,ComEd,PJM-GATS,NON432945,2166,103.28,258121.92,,PPA,0.164863,Combination,17201002301
GRNE Solutions LLC,P-4379 - PY4,5,5.44,,B,1-4 Distributed Generation,Part II Approved,2022-06-09,2023-07-18,2022-08-18,ComEd,PJM-GATS,NON363733,91,143.09,13021.19,,PPA,0.140093,Roof Mount,17031804509
GRNE Solutions LLC,P-4509 - PY4,5,5.92,,B,1-4 Distributed Generation,Part II Approved,2022-06-09,2023-05-10,2022-10-06,ComEd,PJM-GATS,NON363133,106,143.09,15167.54,,PPA,0.162096,Roof Mount,17043841323
Central Road Energy LLC,P-4510 - PY4,24.2,36.12,809 S 5th St Champaign IL 61820,A,Nonprofit/Public,Part II Approved,2022-04-07,2023-11-21,2023-04-19,ComEd,PJM-GATS,NON455634,438,142.55,62436.9,,PPA,0.138,Roof Mount,17019000401
GRNE Solutions LLC,P-4705 - PY4,7.6,8.96,,B,1-4 Distributed Generation,Part II Approved,2022-06-09,2022-10-24,2022-07-25,ComEd,PJM-GATS,NON367485,157,143.09,22465.13,,PPA,0.158107,Roof Mount,17031770902
GRNE Solutions LLC,P-4773 - PY4,13.8,16.32,,B,1-4 Distributed Generation,Part II Approved,2022-07-07,2023-03-03,2022-11-03,ComEd,PJM-GATS,NON371493,277,127.55,35331.35,,PPA,0.154503,Roof Mount,17091010100
Xolar Renewable Energy,P-4800 - PY4,23.8,26.68,1100 Madison St Maywood il 60153,B,Nonprofit/Public,Part II Approved,2022-07-07,2023-02-27,2022-11-30,ComEd,PJM-GATS,NON405937,481,127.55,68908.06,,PPA,0.164,Roof Mount,17031817200
Xolar Renewable Energy,P-4801 - PY4,25,26.19,909 S 5th Ave Maywood IL 60153,B,Nonprofit/Public,Part II Approved,2022-07-07,2022-12-09,2022-10-17,ComEd,PJM-GATS,NON393296,427,127.55,61172.02,,PPA,0.13,Roof Mount,17031817500
Xolar Renewable Energy,P-4802 - PY4,15,19.4,308 S 5th Ave maywood IL 60153,B,Nonprofit/Public,Part II Approved,2022-07-07,2023-02-28,2023-01-30,ComEd,PJM-GATS,NON405925,293,127.55,41975.18,,PPA,0.16,Roof Mount,17031817500
Xolar Renewable Energy,P-4930 - PY4,24,27.82,409 Madison St Maywood IL 60153,B,Nonprofit/Public,Part II Approved,2022-07-07,2023-06-26,2023-05-01,ComEd,PJM-GATS,NON423515,473,127.55,67761.98,,PPA,0.15,Roof Mount,17031817500
Central Road Energy LLC,P-4941 - PY4,50,65.97,1274 N 37th St East St Louis Illinois 62204,A,Nonprofit/Public,Part II Approved,2022-07-07,2023-05-25,2023-03-30,ComEd,PJM-GATS,NON421455,1266,103.28,150109.62,,PPA,0.1927,Roof Mount,17163500500
Central Road Energy LLC,P-4947 - PY4,100,143.1,920 N Union Decatur Illinois 62522,A,Nonprofit/Public,Part II Approved,2022-07-07,2023-08-25,2023-06-02,ComEd,PJM-GATS,NON432851,2234,103.28,264885.38,,PPA,0.1761,Roof Mount,17115000600
Central Road Energy LLC,P-4949 - PY4,50,65.48,1200 N 13th St East St Louis Illinois 62205,A,Nonprofit/Public,Part II Approved,2022-07-07,2023-05-25,2023-03-30,ComEd,PJM-GATS,NON422004,1139,118.57,135051.23,,PPA,0.1734,Roof Mount,17163504600
VLV Development,P-1864 - PY3,1100,924.52,2960 S. Federal Street Chicago IL 60616,B,Nonprofit/Public,Part II Approved,2020-10-08,2021-02-03,2020-12-01,IPA,PJM-GATS,NON272934/NON272935,16376,92.04,1507247.04,,PPA,0.1133,Combination,17031350400
Central Road Energy LLC,P-2658 - PY3,397.5,487.9,2200 88th Ave W. Rock Island IL 61201,A,Nonprofit/Public,Part II Approved,2020-10-08,2021-11-19,2021-09-23,IPA,PJM-GATS,NON345383,8576,95.61,759334.62,,PPA,0.1642,Ground,17161024200
Central Road Energy LLC,P-2699 - PY3,220,294,600 E Willow Street Normal IL 61761,A,Nonprofit/Public,Part II Approved,2020-10-08,2021-05-28,2021-04-13,Ameren,PJM-GATS,NON330129,5717,95.61,546602.37,,PPA,0.1988,Roof Mount,17113000109
Central Road Energy LLC,P-2700 - PY3,23.4,31.13,124 W White St Champaign IL 61820,A,Nonprofit/Public,Part II Approved,2020-10-08,2021-11-17,2021-04-08,Ameren,PJM-GATS,NON346960,565,142.55,80540.75,,PPA,0.184,Roof Mount,17019011002
Central Road Energy LLC,P-2701 - PY3,50,66,1805 S Banker St Effingham IL 62401,A,Nonprofit/Public,Part II Approved,2020-10-08,2021-11-30,2021-08-09,IPA,PJM-GATS,NON349604,1116,118.57,132324.12,,PPA,0.1713,Roof Mount,17049950800
Central Road Energy LLC,P-2702 - PY3,39.9,55.88,100 E Market St Effingham IL 62401,A,Nonprofit/Public,Part II Approved,2020-10-08,2021-11-30,2021-09-15,Ameren,PJM-GATS,NON348245,918,118.57,106950.14,,PPA,0.177,Roof Mount,17049950800
Xolar Renewable Energy,P-2706 - PY3,7.6,7.8,22 N Highland Ave Aurora IL 60506,B,Nonprofit/Public,Part II Approved,2020-10-08,2021-04-12,2021-02-01,Ameren,PJM-GATS,NON325801,136,156.57,21293.52,,PPA,0.1362,Roof Mount,17089853200
Xolar Renewable Energy,P-2707 - PY3,15.2,17.01,1353 Hinman Street Montgomery IL 60538,B,Nonprofit/Public,Part II Approved,2020-10-08,2021-10-15,2021-08-11,Ameren,PJM-GATS,NON340840,317,143.26,45413.42,,PPA,0.156851,Roof Mount,17089854401
Xolar Renewable Energy,P-2708 - PY3,24,25.52,28 East Fourth Ave Joliet IL 60433,B,Nonprofit/Public,Part II Approved,2020-10-08,2021-08-27,2021-07-29,Ameren,PJM-GATS,NON340699,465,143.26,66615.9,,PPA,0.1642,Roof Mount,17197882500
Central Road Energy LLC,P-2715 - PY3,45.71,60.8,1301 N Linden St Normal IL 61761,A,Nonprofit/Public,Part II Approved,2020-10-08,2022-02-25,2022-02-10,IPA,PJM-GATS,NON359809,1192,118.57,141098.3,,PPA,0.1986,Roof Mount,17113000107
"Solar Sense, Inc.",P-2717 - PY3,24.98,38.61,210 E University Ave. CHAMPAIGN IL 61820,A,Nonprofit/Public,Part II Approved,2020-10-08,2021-11-24,2021-06-23,Ameren,PJM-GATS,NON312745,723,142.55,103063.65,,PPA,0.2229,Roof Mount,17019000200
Central Road Energy LLC,P-2718 - PY3,24.94,32.25,803 W Olive St Bloomington IL 61701,A,Nonprofit/Public,Part II Approved,2020-10-08,2021-11-10,2021-03-23,Ameren,PJM-GATS,NON340386,509,142.55,70847.35,,PPA,0.1554,Roof Mount,17113001500
Central Road Energy LLC,P-2719 - PY3,66.6,81,1402 West Washington Street Bloomington IL 61701,A,Nonprofit/Public,Part II Approved,2020-10-08,2021-11-24,2021-03-27,Ameren,PJM-GATS,NON341256,1387,118.57,164456.59,,PPA,0.1585,Roof Mount,17113001403
Gar Creek Solar LLC,P-2724 - PY3,1500,2035.8,"41.089715N, 87.8899442W Kankakee IL 60901",B,Community Solar,Part II Approved,2020-12-16,2023-02-28,2022-07-11,IPA,PJM-GATS,NON379074,45606,42.36,3834096.42,,Community Solar,0.231386,Ground,17091012300
Sunrun Installation Services Inc.,P-2727 - PY3,2.88,3.72,,B,1-4 Distributed Generation,Part II Approved,2021-03-18,2021-05-28,2021-03-11,ComEd,PJM-GATS,NON328451,61,143.09,8728.49,,Lease,0.1625,Roof Mount,17031823002
Sunrun Installation Services Inc.,P-2728 - PY3,6.24,8.19,,B,1-4 Distributed Generation,Part II Approved,2021-01-20,2021-04-14,2020-12-31,ComEd,PJM-GATS,NON321965,145,143.09,20748.05,,Lease,0.1774,Roof Mount,17031835000
Sunrun Installation Services Inc.,P-2729 - PY3,10.08,13.02,,B,1-4 Distributed Generation,Part II Approved,2021-01-20,2021-08-26,2020-11-05,ComEd,PJM-GATS,NON314869,220,127.55,28061,,Lease,0.1665,Roof Mount,17031804403
Sunrun Installation Services Inc.,P-2730 - PY3,6.72,8.82,,B,1-4 Distributed Generation,Part II Approved,2021-02-18,2021-04-22,2020-12-22,ComEd,PJM-GATS,NON319381,134,143.09,19174.06,,Lease,0.1525,Roof Mount,17197880903
Sunrun Installation Services Inc.,P-2731 - PY3,6.38,7.59,,B,1-4 Distributed Generation,Part II Approved,2021-01-20,2021-04-15,2021-01-06,ComEd,PJM-GATS,NON325181,89,143.09,12735.01,,Lease,0.1063,Roof Mount,17031711500
Sunrun Installation Services Inc.,P-2732 - PY3,4.56,5.89,,B,1-4 Distributed Generation,Part II Approved,2021-01-20,2021-08-24,2021-01-05,ComEd,PJM-GATS,NON321963,67,143.09,9587.03,,Lease,0.1129,Roof Mount,17197883605
Sunrun Installation Services Inc.,P-2733 - PY3,2.4,3.1,,B,1-4 Distributed Generation,Part II Approved,2021-01-20,2021-04-16,2020-11-19,ComEd,PJM-GATS,NON314868,47,143.09,6725.23,,Purchase,0.1514,Roof Mount,17031700100
Sunrun Installation Services Inc.,P-2734 - PY3,3.6,4.65,,B,1-4 Distributed Generation,Part II Approved,2021-01-20,2021-04-16,2021-01-04,ComEd,PJM-GATS,NON321964,67,143.09,9587.03,,Lease,0.1419,Roof Mount,17031431200
Sunrun Installation Services Inc.,P-2735 - PY3,3.12,4.03,,B,1-4 Distributed Generation,Part II Approved,2021-01-20,2021-05-28,2020-12-28,ComEd,PJM-GATS,NON318982,57,143.09,8156.13,,Lease,0.1394,Roof Mount,17031650500
Sunrun Installation Services Inc.,P-2736 - PY3,3.6,4.65,,B,1-4 Distributed Generation,Part II Approved,2021-01-20,2021-07-15,2021-01-20,ComEd,PJM-GATS,NON321962,62,143.09,8871.58,,Lease,0.132,Roof Mount,17031190300
Sunrun Installation Services Inc.,P-2739 - PY3,13.2,17.05,,B,1-4 Distributed Generation,Part II Approved,2021-02-18,2021-04-22,2020-11-23,ComEd,PJM-GATS,NON315453,253,127.55,32270.15,,Lease,0.1459,Roof Mount,17097860106
Sunrun Installation Services Inc.,P-2740 - PY3,3.36,4.34,,B,1-4 Distributed Generation,Part II Approved,2021-01-20,2021-07-15,2020-10-30,ComEd,PJM-GATS,NON314866,61,143.09,8728.49,,Lease,0.1394,Roof Mount,17031811600
Sunrun Installation Services Inc.,P-2741 - PY3,5.28,6.82,,B,1-4 Distributed Generation,Part II Approved,2021-03-04,2021-05-28,2021-03-12,ComEd,PJM-GATS,NON328450,119,143.09,17027.71,,Lease,0.171832,Roof Mount,17031817500
Sunrun Installation Services Inc.,P-2743 - PY3,5.28,6.82,,B,1-4 Distributed Generation,Part II Approved,2021-02-18,2021-04-22,2020-12-13,ComEd,PJM-GATS,NON319380,88,143.09,12591.92,,Lease,0.1269,Roof Mount,17031828701
Sunrun Installation Services Inc.,P-2753 - PY3,7.68,9.92,,B,1-4 Distributed Generation,Part II Approved,2021-01-20,2021-05-28,2020-11-25,ComEd,PJM-GATS,NON314865,137,143.09,19603.33,,Lease,0.1365,Roof Mount,17031803010
"Groundswell, Inc.",P-2765 - PY3,75,82.62,7421 W 100th Pl Bridgeview IL 60455,B,Nonprofit/Public,Part II Approved,2020-10-08,2022-12-30,2022-11-30,Ameren,PJM-GATS,NON 395666,1422,119.28,169616.16,,PPA,0.1884,Combination,17031823703
"Groundswell, Inc.",P-2801 - PY3,36,46.72,17300 Crawford Ave Country Club Hills IL 60478,B,Nonprofit/Public,Part II Approved,2020-10-08,2023-02-27,2023-02-10,Ameren,PJM-GATS,NON406774,901,119.28,107471.28,,PPA,0.1906,Ground,17031825501
Sunrun Installation Services Inc.,P-2809 - PY3,5.76,7.33,,B,1-4 Distributed Generation,Part II Approved,2021-03-18,2021-05-28,2021-01-24,ComEd,PJM-GATS,NON323028,82,143.09,11733.38,,Lease,0.1096,Roof Mount,17031842100
Sunrun Installation Services Inc.,P-2811 - PY3,2.88,3.66,,B,1-4 Distributed Generation,Part II Approved,2021-02-18,2021-04-22,2021-01-12,ComEd,PJM-GATS,NON323027,44,143.09,6295.96,,Lease,0.1179,Roof Mount,17031510300
Sunrun Installation Services Inc.,P-2812 - PY3,3.36,4.28,,B,1-4 Distributed Generation,Part II Approved,2021-03-18,2021-05-28,2020-12-30,ComEd,PJM-GATS,NON319377,61,143.09,8728.49,,,0.14,Roof Mount,17031805112
Gar Creek Solar LLC,P-2838 - PY3,2000,2816.19,"41.089715N, 87.8899442W Kankakee IL 60901",B,Community Solar,Part II Approved,2020-12-16,2023-02-28,2022-07-11,ComEd,PJM-GATS,NON379070,63060,42.36,5301454.2,,Community Solar,0.239955,Ground,17091012500
Clean Energy Design Group,P-2841 - PY3,1250,1590.84,6702 Bond Avenue Cahokia IL 62206,A,Community Solar,Part II Approved,2020-12-16,2023-11-30,2023-01-11,IPA,PJM-GATS,NON403613,40421,46.25,3027713.31,,Community Solar,0.2461,Ground,17163502800
Sunrun Installation Services Inc.,P-2864 - PY3,5.52,7.02,,B,1-4 Distributed Generation,Part II Approved,2021-02-18,2021-05-28,2020-11-25,ComEd,PJM-GATS,NON315452,111,143.09,15882.99,,Lease,0.1537,Roof Mount,17031825504
Sunrun Installation Services Inc.,P-2868 - PY3,3.6,4.58,,B,1-4 Distributed Generation,Part II Approved,2021-04-01,2021-08-24,2021-01-12,ComEd,PJM-GATS,NON323023,80,143.09,11447.2,,Lease,0.1707,Roof Mount,17031691400
Sunrun Installation Services Inc.,P-2869 - PY3,4.32,5.49,,B,1-4 Distributed Generation,Part II Approved,2021-03-18,2021-05-28,2021-02-12,ComEd,PJM-GATS,NON328453,67,143.09,9587.03,,Lease,0.1192,Roof Mount,17031540102
Sunrun Installation Services Inc.,P-2870 - PY3,3.84,4.88,,B,1-4 Distributed Generation,Part II Approved,2021-04-01,2021-05-28,2021-01-12,ComEd,PJM-GATS,NON323025,67,143.09,9587.03,,Lease,0.1338,Roof Mount,17031730400
Sunrun Installation Services Inc.,P-2871 - PY3,5.28,6.72,,B,1-4 Distributed Generation,Part II Approved,2021-02-18,2021-05-28,2021-01-05,ComEd,PJM-GATS,NON323026,90,143.09,12878.1,,Lease,0.1301,Roof Mount,17031700100
Sunrun Installation Services Inc.,P-2872 - PY3,8.4,10.68,,B,1-4 Distributed Generation,Part II Approved,2021-02-18,2021-05-28,2020-12-20,ComEd,PJM-GATS,NON319378,168,143.09,24039.12,,Lease,0.1531,Roof Mount,17197880425
Sunrun Installation Services Inc.,P-2873 - PY3,2.4,3.06,,B,1-4 Distributed Generation,Part II Approved,2021-02-18,2021-07-15,2021-01-08,ComEd,PJM-GATS,NON323022,49,143.09,7011.41,,Lease,0.1555,Roof Mount,17031580400
Sunrun Installation Services Inc.,P-2874 - PY3,5.51,6.46,,B,1-4 Distributed Generation,Part II Approved,2021-03-04,2021-11-04,2021-04-02,ComEd,PJM-GATS,NON331151,77,143.09,10302.48,,Lease,0.107489,Roof Mount,17031440900
Sunrun Installation Services Inc.,P-2876 - PY3,7.44,9.46,,B,1-4 Distributed Generation,Part II Approved,2021-06-10,2021-11-02,2021-03-17,ComEd,PJM-GATS,NON328448,136,143.09,19460.24,,Lease,0.14,Roof Mount,17089854508
Sunrun Installation Services Inc.,P-2882 - PY3,5.52,7.02,,B,1-4 Distributed Generation,Part II Approved,2021-02-18,2021-08-24,2021-01-20,ComEd,PJM-GATS,NON323019,104,143.09,14881.36,,Lease,0.1444,Roof Mount,17197880509
Sunrun Installation Services Inc.,P-2883 - PY3,2.4,3.1,,B,1-4 Distributed Generation,Part II Approved,2021-07-22,2022-02-25,2021-08-31,ComEd,PJM-GATS,NON348366,51,143.09,7297.59,,Lease,0.1626,Roof Mount,17031805112
Sunrun Installation Services Inc.,P-2884 - PY3,14.88,19.22,,B,1-4 Distributed Generation,Part II Approved,2021-04-01,2021-05-28,2021-01-05,ComEd,PJM-GATS,NON323020,287,127.55,36606.85,,Lease,0.1472,Roof Mount,17197883306
Sunrun Installation Services Inc.,P-2885 - PY3,3.12,3.97,,B,1-4 Distributed Generation,Part II Approved,2021-06-10,2021-08-24,2021-03-12,ComEd,PJM-GATS,NON328449,57,143.09,8156.13,,Lease,0.1433,Roof Mount,17031825505
Sunrun Installation Services Inc.,P-2887 - PY3,3.36,4.34,,B,1-4 Distributed Generation,Part II Approved,2021-03-18,2021-08-24,2021-01-28,ComEd,PJM-GATS,NON326010,79,143.09,11304.11,,Lease,0.1805,Roof Mount,17031710500
Sunrun Installation Services Inc.,P-3076 - PY3,4.56,5.8,,B,1-4 Distributed Generation,Part II Approved,2021-06-10,2021-08-23,2021-03-04,ComEd,PJM-GATS,NON328446,85,143.09,12162.65,,Lease,0.141909,Roof Mount,17031830100
Sunrun Installation Services Inc.,P-3077 - PY3,5.76,7.33,,B,1-4 Distributed Generation,Part II Approved,2021-03-04,2021-05-28,2020-12-30,ComEd,PJM-GATS,NON319375,120,143.09,17170.8,,Lease,0.159637,Roof Mount,17031630800
Sunrun Installation Services Inc.,P-3078 - PY3,11.52,14.88,,B,1-4 Distributed Generation,Part II Approved,2021-03-18,2021-05-28,2021-01-12,ComEd,PJM-GATS,NON323021,198,127.55,25254.9,,Lease,0.1309,Roof Mount,17197881011
Sunrun Installation Services Inc.,P-3080 - PY3,6.48,8.37,,B,1-4 Distributed Generation,Part II Approved,2021-03-18,2021-05-28,2021-02-19,ComEd,PJM-GATS,NON326016,100,143.09,14309,,Lease,0.1186,Roof Mount,17097860813
Sunrun Installation Services Inc.,P-3084 - PY3,2.4,3.06,,B,1-4 Distributed Generation,Part II Approved,2021-03-04,2021-08-24,2021-05-09,ComEd,PJM-GATS,NON334953,33,143.09,4721.97,,Lease,0.107576,Roof Mount,17031540102
Sunrun Installation Services Inc.,P-3085 - PY3,7.92,10.07,,B,1-4 Distributed Generation,Part II Approved,2021-04-01,2021-11-02,2021-03-08,ComEd,PJM-GATS,NON331176,139,143.09,19889.51,,Lease,0.1339,Roof Mount,17031830007
Sunrun Installation Services Inc.,P-3089 - PY3,8.16,10.37,,B,1-4 Distributed Generation,Part II Approved,2021-03-18,2021-05-28,2021-02-23,ComEd,PJM-GATS,NON326013,156,143.09,22322.04,,Lease,0.1461,Roof Mount,17097860813
Sunrun Installation Services Inc.,P-3153 - PY3,3.6,4.58,,B,1-4 Distributed Generation,Part II Approved,2021-04-01,2021-11-18,2021-05-19,ComEd,PJM-GATS,NON335088,84,143.09,12019.56,,Lease,0.1776,Roof Mount,17031190402
Sunrun Installation Services Inc.,P-3154 - PY3,6.24,7.94,,B,1-4 Distributed Generation,Part II Approved,2021-07-22,2021-11-18,2021-05-19,ComEd,PJM-GATS,NON338073,103,143.09,14738.27,,Lease,0.12674,Roof Mount,17031807100
Sunrun Installation Services Inc.,P-3156 - PY3,2.64,3.36,,B,1-4 Distributed Generation,Part II Approved,2021-03-04,2021-08-24,2021-06-15,ComEd,PJM-GATS,NON338075,50,143.09,7154.5,,Lease,0.147297,Roof Mount,17031252201
Sunrun Installation Services Inc.,P-3158 - PY3,5.04,6.41,,B,1-4 Distributed Generation,Part II Approved,2021-03-04,2021-11-17,2021-04-20,ComEd,PJM-GATS,NON331170,87,143.09,12448.83,,Lease,0.13231,Roof Mount,17031530600
Sunrun Installation Services Inc.,P-3159 - PY3,6.96,7.32,,B,1-4 Distributed Generation,Part II Approved,2021-06-10,2022-05-10,2021-03-12,ComEd,PJM-GATS,NON328444,147,143.09,17456.98,,Lease,0.1613,Roof Mount,17197883606
Sunrun Installation Services Inc.,P-3164 - PY3,3.84,4.89,,B,1-4 Distributed Generation,Part II Approved,2021-03-04,2021-08-26,2021-04-26,ComEd,PJM-GATS,NON331171,60,143.09,8585.4,,Lease,0.120087,Roof Mount,17031510300
Sunrun Installation Services Inc.,P-3166 - PY3,7.2,9.15,,B,1-4 Distributed Generation,Part II Approved,2021-07-22,2021-11-17,2021-04-20,ComEd,PJM-GATS,NON331172,148,143.09,21177.32,,Lease,0.1573,Roof Mount,17007010502
Sunrun Installation Services Inc.,P-3167 - PY3,3.36,4.27,,B,1-4 Distributed Generation,Part II Approved,2021-07-22,2021-11-19,2021-05-26,ComEd,PJM-GATS,NON334988,60,143.09,8585.4,,Lease,0.1381,Roof Mount,17097864001
Sunrun Installation Services Inc.,P-3171 - PY3,5.52,7.13,,B,1-4 Distributed Generation,Part II Approved,2021-06-10,2021-11-08,2021-03-11,ComEd,PJM-GATS,NON328436,104,143.09,14881.36,,Lease,0.1437,Roof Mount,17097864520
Sunrun Installation Services Inc.,P-3175 - PY3,7.44,9.61,,B,1-4 Distributed Generation,Part II Approved,2021-06-10,2021-11-18,2021-06-02,ComEd,PJM-GATS,NON338074,147,143.09,21034.23,,Lease,0.1509,Roof Mount,17031823001
Sunrun Installation Services Inc.,P-3176 - PY3,5.76,7.44,,B,1-4 Distributed Generation,Part II Approved,2021-07-22,2021-11-23,2021-03-12,ComEd,PJM-GATS,NON328437,101,143.09,14452.09,,Lease,0.1335,Roof Mount,17197880118
Sunrun Installation Services Inc.,P-3179 - PY3,5.76,7.44,,B,1-4 Distributed Generation,Part II Approved,2021-07-22,2021-11-08,2021-05-07,ComEd,PJM-GATS,NON334989,81,143.09,11590.29,,Lease,0.1083,Roof Mount,17031820000
Sunrun Installation Services Inc.,P-3215 - PY3,6.96,10.44,,B,1-4 Distributed Generation,Part II Approved,2021-07-22,2021-11-19,2021-07-08,ComEd,PJM-GATS,NON340497,118,143.09,16884.62,,Lease,0.1298,Roof Mount,17031630800
Sunrun Installation Services Inc.,P-3216 - PY3,5.51,6.84,,B,1-4 Distributed Generation,Part II Approved,2021-07-22,2021-11-19,2021-08-06,ComEd,PJM-GATS,NON343448,113,143.09,16169.17,,Lease,0.1571,Roof Mount,17031590600
"Groundswell, Inc.",P-0699 - PY2,540,654.48,276 East 16th St Chicago Heights IL 60411,B,Community Solar,Part II Approved,2020-01-22,2023-11-29,2023-04-11,IPA,PJM-GATS,NON460315,13197,47.88,1338043.83,,Community Solar,0.1865,Ground,17031829100
Clean Energy Design Group,P-1024 - PY2,875,975.24,932 Harrison Street Galesburg IL 61401,A,Community Solar,Part II Approved,2019-12-04,2023-11-30,2022-07-28,ComEd,PJM-GATS,NON388581,27295,52.28,2451900.8,,Community Solar,0.2374,Ground,17095000300
Clean Energy Design Group,P-1025 - PY2,1250,1590.84,3429 Camp Jackson Road Cahokia IL 62206,A,Community Solar,Part II Approved,2019-12-04,2023-11-30,2022-11-22,ComEd,PJM-GATS,non394001,39469,52.28,3401808,,Community Solar,0.2403,Ground,17163502603
Certasun LLC,P-1049 - PY2,5.76,5.89,,B,1-4 Distributed Generation,Part II Approved,2020-03-04,2021-01-19,2020-07-24,ComEd,PJM-GATS,NON293179,114,143.09,16312.26,,PPA,0.1514,Roof Mount,17031834300
Certasun LLC,P-1058 - PY2,4.73,4.91,,B,1-4 Distributed Generation,Part II Approved,2020-03-04,2021-02-23,2020-11-06,ComEd,PJM-GATS,NON311625,72,143.09,10302.48,,PPA,0.1165,Roof Mount,17031450300
Certasun LLC,P-1059 - PY2,4.42,4.58,,B,1-4 Distributed Generation,Part II Approved,2020-03-04,2021-06-25,2021-05-13,ComEd,PJM-GATS,NON293177,82,143.09,11733.38,,PPA,0.1416,Roof Mount,17031750100
Certasun LLC,P-1061 - PY2,4.1,4.26,,B,1-4 Distributed Generation,Part II Approved,2020-03-04,2021-02-23,2021-02-05,ComEd,PJM-GATS,NON293176,61,143.09,8728.49,,PPA,0.1144,Roof Mount,17031834300
Central Road Energy LLC,P-1078 - PY2,72,75.01,602 W. Richmond Ave. Peoria IL 61606,A,Nonprofit/Public,Part II Approved,2019-12-04,2021-01-20,2020-09-02,IPA,PJM-GATS,NON306975,1376,118.57,163152.32,,PPA,0.1455,Roof Mount,17143002100
Central Road Energy LLC,P-1091 - PY2,30,35.3,4901 Bond Ave East St. Louis IL 62207,A,Nonprofit/Public,Part II Approved,2019-12-04,2021-05-13,2020-11-24,IPA,PJM-GATS,NON320070,566,118.57,67110.62,,PPA,0.1437,Roof Mount,17163502500
Central Road Energy LLC,P-1099 - PY2,18,23.1,3700 Caseyville Ave East St Louis IL 62204,A,Nonprofit/Public,Part II Approved,2019-12-04,2021-04-26,2020-10-06,IPA,PJM-GATS,NON320075,420,142.55,59871,,PPA,0.1776,Roof Mount,17163500500
Centralia City School District 135,P-1132 - PY2,399.8,485.6,900 S Pine St Centralia IL 62801,A,Nonprofit/Public,Part II Approved,2019-12-04,2020-11-18,2020-09-21,Ameren,PJM-GATS,NON311362,9571,95.61,915083.31,,,0.1822,Ground,17121952500
Certasun LLC,P-1198 - PY2,9.6,9.81,,B,1-4 Distributed Generation,Part II Approved,2020-03-04,2021-01-19,2020-06-30,ComEd,PJM-GATS,NON293172,154,143.09,22035.86,,PPA,0.1226,Roof Mount,17031834200
PSG Energy Group,P-1243 - PY2,165,185.27,724 Pennsylvania Ave Aurora IL 60506,B,Nonprofit/Public,Part II Approved,2019-12-04,2021-02-22,2020-09-14,IPA,PJM-GATS,NON307174,3122,103.55,323283.1,,PPA,0.144,Roof Mount,17089852905
Envelop Group LLC,P-1244 - PY2,186,223.57,729 Galena Blvd Aurora IL 60506,B,Nonprofit/Public,Part II Approved,2019-12-04,2022-02-07,2021-10-26,IPA,PJM-GATS,NON352064,3817,103.55,395250.35,,PPA,0.157,Roof Mount,17089853100
"Solar Sense, Inc.",P-1287 - PY2,25,37.62,1309 W Hill St. Urbana IL 61801,A,Nonprofit/Public,Part II Approved,2019-12-04,2020-08-20,2020-04-15,IPA,PJM-GATS,NON285297,702,142.55,100070.1,,PPA,0.214,Roof Mount,17019005300
"Solar Sense, Inc.",P-1288 - PY2,24.98,37.62,201 E Park St. Champaign IL 61820,A,Nonprofit/Public,Part II Approved,2019-12-04,2021-02-10,2020-09-18,IPA,PJM-GATS,NON285299,619,142.55,88238.45,,PPA,0.206,Roof Mount,17019000200
"Solar Sense, Inc.",P-1289 - PY2,33.3,50.16,805 W Park St. Urbana IL 61801,A,Nonprofit/Public,Part II Approved,2019-12-04,2021-04-27,2021-02-02,IPA,PJM-GATS,NON285295,978,118.57,115961.46,,PPA,0.224,Roof Mount,17019005300
"Solar Sense, Inc.",P-1290 - PY2,25,37.62,302 N First St. Champaign IL 61820,A,Nonprofit/Public,Part II Approved,2019-12-04,2020-11-20,2020-05-20,IPA,PJM-GATS,NON285298,722,142.55,102921.1,,PPA,0.22,Roof Mount,17019000200
SA Energy LLC,P-1307 - PY2,2000,2527.2,,B,5+ Distributed Generation,Part II Approved,2019-12-04,2020-08-31,2020-04-17,IPA,PJM-GATS,NON289006,60693,65.92,4000882.56,,,0.2309,Ground,17037001002
"Carbon Solutions SREC, LLC",P-1321 - PY2,26,30.04,200 S 3rd St Dupo IL 62239,A,Nonprofit/Public,Part II Approved,2019-12-04,2021-02-17,2020-11-18,IPA,PJM-GATS,NON316097,580,118.57,68770.6,,PPA,0.1699,Roof Mount,17163503102
"Solar Star Urbana Landfill Central, LLC",P-1324 - PY2,1850,2731.82,2300 E Barr Ave Site B Urbana IL 61802,A,Community Solar,Part II Approved,2019-12-04,2022-08-16,2021-11-08,IPA,PJM-GATS,NON352537,55424,36.53,2885373.44,,Community Solar,0.228,Ground,17019005401
"Carbon Solutions SREC, LLC",P-1332 - PY2,500,562,101 Jackie Joyner-Kersee Circle East St Louis IL 62204,A,Nonprofit/Public,Part II Approved,2019-12-04,2021-05-18,2021-02-22,IPA,PJM-GATS,NON325800,10531,95.61,961585.61,,Community Solar,0.1603,Combination,17163500400
Envelop Group LLC,P-1339 - PY2,310,304.15,449 W New Indian Trail Ct Aurora IL 60506,B,Nonprofit/Public,Part II Approved,2019-12-04,2022-01-28,2021-10-26,ComEd,PJM-GATS,NON352063,6042,96.34,494898.58,,PPA,0.1533,Combination,17089852905
Certasun LLC,P-1350 - PY2,7.68,7.85,,B,1-4 Distributed Generation,Part II Approved,2020-03-04,2020-12-04,2020-09-11,ComEd,PJM-GATS,NON293171,143,143.09,20461.87,,PPA,0.1423,Roof Mount,17031711200
Certasun LLC,P-1351 - PY2,6.08,6.21,,B,1-4 Distributed Generation,Part II Approved,2020-03-04,2021-03-11,2020-08-28,ComEd,PJM-GATS,NON293175,122,143.09,17456.98,,PPA,0.1529,Roof Mount,17031711400
Certasun LLC,P-1370 - PY2,7.68,7.85,,B,1-4 Distributed Generation,Part II Approved,2020-03-04,2021-01-19,2020-07-24,ComEd,PJM-GATS,NON311643,120,143.09,17170.8,,PPA,0.1194,Roof Mount,17031460500
"Renewable Energy Evolution, LLC",P-1492 - PY2,170,213,4510 S Michigan Ave Chicago IL 60653,B,Nonprofit/Public,Part II Approved,2020-01-08,2022-08-31,2022-07-13,ComEd,PJM-GATS,NON372423,3804,103.55,393800.65,,PPA,0.1754,Combination,17031844600
"Windfree, Wind + Solar Energy Design Company",P-1495 - PY2,28.8,37.26,6252 W. Birmingham Chicago Ridge IL 60415,B,Nonprofit/Public,Part II Approved,2020-01-08,2020-03-02,2020-04-24,ComEd,GATS,NON285665,579,119.28,69063.12,,PPA,0.1532,Roof Mount,17031823001
"Windfree, Wind + Solar Energy Design Company",P-1497 - PY2,100,120.08,9807 S. Sayre Chicago Ridge IL 60415,B,Nonprofit/Public,Part II Approved,2020-01-08,2021-04-02,2020-12-22,ComEd,PJM-GATS,NON325901,2296,119.28,273866.88,,PPA,0.1748,Roof Mount,17031823001
Affordable Community Energy Services Company,P-1500 - PY2,19.98,27.36,2434 S Western Ave Chicago IL 60608,B,Nonprofit/Public,Part II Approved,2020-02-18,2021-05-17,2020-09-25,ComEd,PJM-GATS,NON324612,452,143.26,64753.52,,PPA,0.1725,Roof Mount,17031841300
PSG Energy Group,P-1519 - PY2,60,73.48,2001 Heather Dr Aurora IL 60506,B,Nonprofit/Public,Part II Approved,2020-02-18,2021-04-05,2021-01-13,ComEd,PJM-GATS,NON320670,1281,119.28,152797.68,,PPA,0.1626,Roof Mount,17089853005
Central Road Energy LLC,P-1525 - PY2,23.4,31.13,2201 SW Adams St Peoria IL 61602,A,Nonprofit/Public,Part II Approved,2020-02-18,2021-11-22,2020-11-16,Ameren,PJM-GATS,NON347803,609,142.55,86812.95,,PPA,0.1987,Roof Mount,17143005100
Central Road Energy LLC,P-1575 - PY2,57.6,58.51,3928 W OGDEN AVE Chicago IL 60623,B,Nonprofit/Public,Part II Approved,2020-02-18,2021-11-23,2021-08-24,ComEd,PJM-GATS,NON348235,1094,119.28,130492.32,,PPA,0.1447,Roof Mount,17031292400
Central Road Energy LLC,P-1576 - PY2,28.8,35.26,5122 S Archer Ave Chicago IL 60632,B,Nonprofit/Public,Part II Approved,2020-02-18,2021-11-30,2021-08-30,Ameren,PJM-GATS,NON349503,582,119.28,69420.96,,PPA,0.1538,Roof Mount,17031570300
Central Road Energy LLC,P-1577 - PY2,43.3,49.88,3700 West Ogden Ave Chicago IL 60632,B,Nonprofit/Public,Part II Approved,2020-02-18,2021-11-30,2021-06-21,Ameren,PJM-GATS,NON348234,923,119.28,110095.44,,PPA,0.1631,Roof Mount,17031292200
"Solar Sense, Inc.",P-0693 - PY1,62.5,91.2,610 N Lincoln Ave Urbana IL 61801,A,Nonprofit/Public,Part II Approved,2019-10-02,2021-02-02,2020-03-06,Ameren,PJM-GATS,NON285294,1681,118.57,199316.17,,PPA,0.2048,Roof Mount,17019005300
"Solar Sense, Inc.",P-0704 - PY1,20,30.24,2206 Dale Dr. Champaign IL 61821,A,Community Solar,Part II Approved,2019-10-02,2020-07-08,2020-07-16,IPA,PJM-GATS,NON241505,594,87.07,86421.06,,,0.226391,Roof Mount,17019000800
"Solar Sense, Inc.",P-0705 - PY1,33.3,50.16,909 W Kirby Ave Champaign IL 61821,A,Community Solar,Part II Approved,2019-10-02,2021-05-25,2021-03-24,IPA,PJM-GATS,NON294176,957,70.95,121376.31,,Community Solar,0.218772,Roof Mount,17019001301
"Solar Sense, Inc.",P-0707 - PY1,62.5,91.2,1304 W Bradley Ave Champaign IL 61822,A,Nonprofit/Public,Part II Approved,2019-10-02,2020-10-30,2020-08-20,IPA,PJM-GATS,NON285296,1742,118.57,206548.94,,PPA,0.153,Roof Mount,17019000901
"Solar Sense, Inc.",P-0708 - PY1,100,150.48,1303 N Cunningham Ave Urbana IL 61801,A,Nonprofit/Public,Part II Approved,2019-10-02,2020-05-28,2020-05-28,IPA,PJM-GATS,NON285293,2829,118.57,335434.53,,PPA,0.22,Roof Mount,17019005401
"Rockford Solar IL, LLC",P-0820 - PY1,2000,2572.57,1166 N. HORSMAN STREET Rockford IL 61101,B,Community Solar,Part II Approved,2019-10-02,2022-05-31,2021-12-01,ComEd,PJM-GATS,NON354102,52822,47.88,5355622.58,,Community Solar,0.201,Ground,17201003100
"Solar Star Urbana Landfill East, LLC",P-0825 - PY1,1850,2702.7,2300 E Barr Ave Urbana IL 61802,A,Community Solar,Part II Approved,2019-10-02,2022-05-31,2021-10-05,IPA,PJM-GATS,NON352532,55424,52.28,5808435.2,,Community Solar,0.228,Ground,17019005401
PSG Energy Group,P-1055 - PY1,105,117.32,649 N. Main Street Montgomery IL 60538,B,Nonprofit/Public,Part II Approved,2019-10-02,2021-02-18,2020-09-14,IPA,PJM-GATS,NON307176,1746,103.55,180798.3,,PPA,0.1266,Roof Mount,17089854002
PSG Energy Group,P-1056 - PY1,660,687.68,1201 W. New York St Aurora IL 60506,B,Nonprofit/Public,Part II Approved,2019-10-02,2021-02-19,2020-09-14,IPA,PJM-GATS,NON320669,11915,92.04,1096656.6,,PPA,0.1374,Roof Mount,17089853100
